
{
  "products": [
    {
      "id": 1,
      "title": {
        "en": "Sneaker XYZ",
        "ar": "حذاء رياضي XYZ"
      },
      "description": {
        "en": "High quality sports sneaker",
        "ar": "حذاء رياضي عالي الجودة"
      },
      "price": 50.99,
      "image": "https://m.media-amazon.com/images/I/61gUPudI4cL._AC_UL480_FMwebp_QL65_.jpg",
      "rating": {
        "rate": 4.5,
        "count": 120
      },
      "category": {
        "en": "sneakers",
        "ar": "أحذية رياضية"
      },
      "isBestSeller": true,
      "isTrending": false
    },
    {
      "id": 2,
      "title": {
        "en": "Sporty T-Shirt",
        "ar": "تي شيرت رياضي"
      },
      "description": {
        "en": "Comfortable cotton T-shirt for sports",
        "ar": "تي شيرت قطني مريح للرياضة"
      },
      "price": 19.99,
      "image": "https://m.media-amazon.com/images/I/51PgfGRJBNL._AC_UL480_FMwebp_QL65_.jpg",
      "rating": {
        "rate": 4.0,
        "count": 90
      },
      "category": {
        "en": "t-shirts",
        "ar": "تيشيرتات"
      },
      "isBestSeller": false,
      "isTrending": true
    },
    {
      "id": 3,
      "title": {
        "en": "Running Shorts",
        "ar": "شورت رياضي للجري"
      },
      "description": {
        "en": "Lightweight running shorts for men",
        "ar": "شورت رياضي خفيف للجري للرجال"
      },
      "price": 25.49,
      "image": "https://m.media-amazon.com/images/I/719TgPx7ltL._AC_UL480_FMwebp_QL65_.jpg",
      "rating": {
        "rate": 4.2,
        "count": 150
      },
      "category": {
        "en": "shorts",
        "ar": "شورتات"
      },
      "isBestSeller": true,
      "isTrending": true
    },
    {
      "id": 4,
      "title": {
        "en": "Basketball Sneakers",
        "ar": "أحذية كرة سلة"
      },
      "description": {
        "en": "Premium basketball sneakers for professional players",
        "ar": "أحذية كرة سلة احترافية للاعبين المحترفين"
      },
      "price": 120.99,
      "image": "https://m.media-amazon.com/images/I/61QENo259UL._AC_UL480_FMwebp_QL65_.jpg",
      "rating": {
        "rate": 4.8,
        "count": 250
      },
      "category": {
        "en": "sneakers",
        "ar": "أحذية رياضية"
      },
      "isBestSeller": true,
      "isTrending": false
    },
    {
      "id": 5,
      "title": {
        "en": "Yoga Mat",
        "ar": "حصيرة يوغا"
      },
      "description": {
        "en": "Eco-friendly yoga mat for home and studio use",
        "ar": "حصيرة يوغا صديقة للبيئة للاستخدام المنزلي والاستوديو"
      },
      "price": 35.00,
      "image": "https://m.media-amazon.com/images/I/61NuEY-o1aL._AC_UL480_FMwebp_QL65_.jpg",
      "rating": {
        "rate": 4.3,
        "count": 200
      },
      "category": {
        "en": "accessories",
        "ar": "إكسسوارات"
      },
      "isBestSeller": false,
      "isTrending": false
    },
    {
      "id": 6,
      "title": {
        "en": "Sports Socks",
        "ar": "جوارب رياضية"
      },
      "description": {
        "en": "Breathable and comfortable sports socks for athletes",
        "ar": "جوارب رياضية قابلة للتنفس ومريحة للرياضيين"
      },
      "price": 9.99,
      "image": "https://m.media-amazon.com/images/I/51NNRaUuhCL._AC_UL480_FMwebp_QL65_.jpg",
      "rating": {
        "rate": 4.1,
        "count": 300
      },
      "category": {
        "en": "accessories",
        "ar": "إكسسوارات"
      },
      "isBestSeller": true,
      "isTrending": false
    },
    {
      "id": 7,
      "title": {
        "en": "Compression Pants",
        "ar": "بنطال ضغط"
      },
      "description": {
        "en": "Compression pants for muscle support during exercise",
        "ar": "بنطال ضغط لدعم العضلات أثناء التمرين"
      },
      "price": 45.75,
      "image": "https://m.media-amazon.com/images/I/518yHk8eh7L._AC_UL480_FMwebp_QL65_.jpg",
      "rating": {
        "rate": 4.7,
        "count": 110
      },
      "category": {
        "en": "pants",
        "ar": "بنطلونات"
      },
      "isBestSeller": false,
      "isTrending": false
    },
    {
      "id": 8,
      "title": {
        "en": "Sports Watch",
        "ar": "ساعة رياضية"
      },
      "description": {
        "en": "Multi-function sports watch with heart rate monitor",
        "ar": "ساعة رياضية متعددة الوظائف مع مراقب ضربات القلب"
      },
      "price": 80.99,
      "image": "https://m.media-amazon.com/images/I/61OMihkPjZL._AC_UL480_FMwebp_QL65_.jpg",
      "rating": {
        "rate": 4.6,
        "count": 180
      },
      "category": {
        "en": "accessories",
        "ar": "إكسسوارات"
      },
      "isBestSeller": true,
      "isTrending": false
    },
    {
      "id": 9,
      "title": {
        "en": "Fitness Tracker",
        "ar": "جهاز تتبع اللياقة البدنية"
      },
      "description": {
        "en": "Track your fitness progress with this advanced fitness tracker",
        "ar": "تتبع تقدم لياقتك البدنية باستخدام جهاز تتبع اللياقة المتقدم هذا"
      },
      "price": 45.99,
      "image": "https://m.media-amazon.com/images/I/51S64ElhpBL._AC_UL480_FMwebp_QL65_.jpg",
      "rating": {
        "rate": 4.4,
        "count": 220
      },
      "category": {
        "en": "accessories",
        "ar": "إكسسوارات"
      },
      "isBestSeller": false,
      "isTrending": false
    },
    {
      "id": 10,
      "title": {
        "en": "Football Shoes",
        "ar": "أحذية كرة القدم"
      },
      "description": {
        "en": "Lightweight football shoes for quick movements on the field",
        "ar": "أحذية كرة قدم خفيفة للحركات السريعة في الملعب"
      },
      "price": 99.99,
      "image": "https://m.media-amazon.com/images/I/61xS99rC2eL._AC_UL480_FMwebp_QL affected by the conflict.65_.jpg",
      "rating": {
        "rate": 4.7,
        "count": 175
      },
      "category": {
        "en": "sneakers",
        "ar": "أحذية رياضية"
      },
      "isBestSeller": true,
      "isTrending": true
    },
    {
      "id": 11,
      "title": {
        "en": "Running Shoes",
        "ar": "أحذية الجري"
      },
      "description": {
        "en": "Comfortable running shoes designed for long-distance runs",
        "ar": "أحذية جري مريحة مصممة للركض لمسافات طويلة"
      },
      "price": 75.99,
      "image": "https://m.media-amazon.com/images/I/71Nd22I-eNL._AC_UL480_FMwebp_QL65_.jpg",
      "rating": {
        "rate": 4.6,
        "count": 160
      },
      "category": {
        "en": "sneakers",
        "ar": "أحذية رياضية"
      },
      "isBestSeller": true,
      "isTrending": true
    },
    {
      "id": 12,
      "title": {
        "en": "Workout Tank Top",
        "ar": "قميص تدريبي بدون أكمام"
      },
      "description": {
        "en": "Breathable tank top perfect for workout sessions",
        "ar": "قميص بدون أكمام مريح للتمارين الرياضية"
      },
      "price": 20.99,
      "image": "https://m.media-amazon.com/images/I/61sGFYUhdaL._AC_UL480_FMwebp_QL65_.jpg",
      "rating": {
        "rate": 4.2,
        "count": 150
      },
      "category": {
        "en": "t-shirts",
        "ar": "تيشيرتات"
      },
      "isBestSeller": false,
      "isTrending": true
    },
    {
      "id": 13,
      "title": {
        "en": "Jogging Pants",
        "ar": "سروال للجري"
      },
      "description": {
        "en": "Stylish jogging pants for relaxed workouts",
        "ar": "سروال للجري أنيق للتمارين الرياضية المريحة"
      },
      "price": 38.99,
      "image": "https://m.media-amazon.com/images/I/41uQA92xMAL._AC_UL480_FMwebp_QL65_.jpg",
      "rating": {
        "rate": 4.5,
        "count": 120
      },
      "category": {
        "en": "pants",
        "ar": "بنطلونات"
      },
      "isBestSeller": true,
      "isTrending": true
    },
    {
      "id": 14,
      "title": {
        "en": "Water Bottle",
        "ar": "زجاجة ماء"
      },
      "description": {
        "en": "Durable water bottle to keep you hydrated during workouts",
        "ar": "زجاجة ماء متينة للحفاظ على رطوبتك أثناء التمرين"
      },
      "price": 12.50,
      "image": "https://m.media-amazon.com/images/I/61NuEY-o1aL._AC_UL480_FMwebp_QL65_.jpg",
      "rating": {
        "rate": 4.3,
        "count": 130
      },
      "category": {
        "en": "accessories",
        "ar": "إكسسوارات"
      },
      "isBestSeller": false,
      "isTrending": true
    },
    {
      "id": 15,
      "title": {
        "en": "Boxing Gloves",
        "ar": "قفازات ملاكمة"
      },
      "description": {
        "en": "Professional boxing gloves for intense training",
        "ar": "قفازات ملاكمة احترافية للتدريب المكثف"
      },
      "price": 59.99,
      "image": "https://m.media-amazon.com/images/I/51df0s6DzmL._AC_UL480_FMwebp_QL65_.jpg",
      "rating": {
        "rate": 4.8,
        "count": 200
      },
      "category": {
        "en": "accessories",
        "ar": "إكسسوارات"
      },
      "isBestSeller": true,
      "isTrending": true
    },
    {
      "id": 16,
      "title": {
        "en": "Gym Bag",
        "ar": "حقيبة جيم"
      },
      "description": {
        "en": "Spacious gym bag with multiple compartments",
        "ar": "حقيبة جيم واسعة مع جيوب متعددة"
      },
      "price": 39.99,
      "image": "https://m.media-amazon.com/images/I/51Kyl2c8OyL._AC_UL480_FMwebp_QL65_.jpg",
      "rating": {
        "rate": 4.4,
        "count": 180
      },
      "category": {
        "en": "accessories",
        "ar": "إكسسوارات"
      },
      "isBestSeller": false,
      "isTrending": true
    },
    {
      "id": 17,
      "title": {
        "en": "Knee Pads",
        "ar": "واقيات الركبة"
      },
      "description": {
        "en": "Protect your knees with these comfortable knee pads",
        "ar": "احمِ ركبتيك باستخدام واقيات الركبة المريحة هذه"
      },
      "price": 18.99,
      "image": "https://m.media-amazon.com/images/I/41t18AWSoeL._AC_UL480_FMwebp_QL65_.jpg",
      "rating": {
        "rate": 4.0,
        "count": 150
      },
      "category": {
        "en": "accessories",
        "ar": "إكسسوارات"
      },
      "isBestSeller": false,
      "isTrending": false
    },
    {
      "id": 18,
      "title": {
        "en": "Tennis Racket",
        "ar": "راكت تنس"
      },
      "description": {
        "en": "Premium tennis racket for professional players",
        "ar": "راكت تنس ممتاز للاعبين المحترفين"
      },
      "price": 120.99,
      "image": "https://m.media-amazon.com/images/I/61aBE7ch+bL._AC_UL480_FMwebp_QL65_.jpg",
      "rating": {
        "rate": 4.6,
        "count": 170
      },
      "category": {
        "en": "accessories",
        "ar": "إكسسوارات"
      },
      "isBestSeller": true,
      "isTrending": false
    },
    {
      "id": 19,
      "title": {
        "en": "Running Jacket",
        "ar": "جاكيت جري"
      },
      "description": {
        "en": "Waterproof jacket designed for outdoor running",
        "ar": "جاكيت مقاوم للماء مصمم للجري في الهواء الطلق"
      },
      "price": 65.99,
      "image": "https://m.media-amazon.com/images/I/61raNaD5DdL._AC_UL480_FMwebp_QL65_.jpg",
      "rating": {
        "rate": 4.5,
        "count": 190
      },
      "category": {
        "en": "pants",
        "ar": "بنطلونات"
      },
      "isBestSeller": false,
      "isTrending": true
    },
    {
      "id": 20,
      "title": {
        "en": "Fitness Gloves",
        "ar": "قفازات للياقة البدنية"
      },
      "description": {
        "en": "Comfortable fitness gloves for weightlifting",
        "ar": "قفازات للياقة البدنية مريحة لرفع الأثقال"
      },
      "price": 15.99,
      "image": "https://m.media-amazon.com/images/I/51URTlZVZRL._AC_UL480_FMwebp_QL65_.jpg",
      "rating": {
        "rate": 4.1,
        "count": 140
      },
      "category": {
        "en": "accessories",
        "ar": "إكسسوارات"
      },
      "isBestSeller": false,
      "isTrending": false
    },
    {
      "id": 21,
      "title": {
        "en": "Compression Shirt",
        "ar": "قميص ضغط"
      },
      "description": {
        "en": "Compression shirt for better muscle support",
        "ar": "قميص ضغط لدعم العضلات بشكل أفضل"
      },
      "price": 30.99,
      "image": "https://m.media-amazon.com/images/I/61aQp6TWjYL._AC_UL480_FMwebp_QL65_.jpg",
      "rating": {
        "rate": 4.3,
        "count": 210
      },
      "category": {
        "en": "t-shirts",
        "ar": "تيشيرتات"
      },
      "isBestSeller": true,
      "isTrending": true
    },
    {
      "id": 22,
      "title": {
        "en": "Football Jersey",
        "ar": "قميص كرة القدم"
      },
      "description": {
        "en": "Stylish football jersey for sports enthusiasts",
        "ar": "قميص كرة قدم أنيق لعشاق الرياضة"
      },
      "price": 50.00,
      "image": "https://m.media-amazon.com/images/I/61ASppeHlLL._AC_UL480_FMwebp_QL65_.jpg",
      "rating": {
        "rate": 4.5,
        "count": 220
      },
      "category": {
        "en": "t-shirts",
        "ar": "تيشيرتات"
      },
      "isBestSeller": true,
      "isTrending": false
    },
    {
      "id": 23,
      "title": {
        "en": "Baseball Glove",
        "ar": "قفاز البيسبول"
      },
      "description": {
        "en": "Premium baseball glove for serious players",
        "ar": "قفاز بيسبول ممتاز للاعبين الجادين"
      },
      "price": 75.99,
      "image": "https://m.media-amazon.com/images/I/61LHvRmkupL._AC_UL480_FMwebp_QL65_.jpg",
      "rating": {
        "rate": 4.7,
        "count": 180
      },
      "category": {
        "en": "accessories",
        "ar": "إكسسوارات"
      },
      "isBestSeller": true,
      "isTrending": true
    },
    {
      "id": 24,
      "title": {
        "en": "Waterproof Shoes",
        "ar": "أحذية مقاومة للماء"
      },
      "description": {
        "en": "Durable waterproof shoes for all weather conditions",
        "ar": "أحذية مقاومة للماء وقوية لجميع الظروف الجوية"
      },
      "price": 99.99,
      "image": "https://m.media-amazon.com/images/I/81oC70HeifL._AC_UL480_FMwebp_QL65_.jpg",
      "rating": {
        "rate": 4.8,
        "count": 230
      },
      "category": {
        "en": "sneakers",
        "ar": "أحذية رياضية"
      },
      "isBestSeller": false,
      "isTrending": true
    },
    {
      "id": 25,
      "title": {
        "en": "Multi-purpose Shorts",
        "ar": "شورت متعدد الاستخدامات"
      },
      "description": {
        "en": "Versatile shorts for a variety of sports",
        "ar": "شورت متعدد الاستخدامات لعدة رياضات"
      },
      "price": 27.99,
      "image": "https://m.media-amazon.com/images/I/71rZTN85F2L._AC_UL480_FMwebp_QL65_.jpg",
      "rating": {
        "rate": 4.5,
        "count": 200
      },
      "category": {
        "en": "shorts",
        "ar": "شورتات"
      },
      "isBestSeller": true,
      "isTrending": true
    },
    {
      "id": 26,
      "title": {
        "en": "Sports Water Jug",
        "ar": "إبريق ماء رياضي"
      },
      "description": {
        "en": "Large water jug for long workout sessions",
        "ar": "إبريق ماء كبير للجلسات الرياضية الطويلة"
      },
      "price": 22.99,
      "image": "https://m.media-amazon.com/images/I/818-3OxSrtL._AC_UL480_FMwebp_QL65_.jpg",
      "rating": {
        "rate": 4.2,
        "count": 190
      },
      "category": {
        "en": "accessories",
        "ar": "إكسسوارات"
      },
      "isBestSeller": false,
      "isTrending": false
    },
    {
      "id": 27,
      "title": {
        "en": "Outdoor Sneakers",
        "ar": "أحذية رياضية خارجية"
      },
      "description": {
        "en": "All-weather outdoor sneakers for rugged terrains",
        "ar": "أحذية رياضية خارجية لجميع الأحوال الجوية للطرق الوعرة"
      },
      "price": 110.99,
      "image": "https://m.media-amazon.com/images/I/51nT1FP+X4L._AC_UL480_FMwebp_QL65_.jpg",
      "rating": {
        "rate": 4.3,
        "count": 210
      },
      "category": {
        "en": "sneakers",
        "ar": "أحذية رياضية"
      },
      "isBestSeller": true,
      "isTrending": false
    },
    {
      "id": 28,
      "title": {
        "en": "Wristband Set",
        "ar": "طقم أربطة المعصم"
      },
      "description": {
        "en": "Set of comfortable wristbands for sports",
        "ar": "طقم أربطة معصم مريحة للرياضة"
      },
      "price": 9.99,
      "image": "https://m.media-amazon.com/images/I/61tvoncs2TL._AC_UL480_FMwebp_QL65_.jpg",
      "rating": {
        "rate": 4.4,
        "count": 200
      },
      "category": {
        "en": "accessories",
        "ar": "إكسسوارات"
      },
      "isBestSeller": false,
      "isTrending": false
    },
    {
      "id": 29,
      "title": {
        "en": "Weight Lifting Belt",
        "ar": "حزام رفع الأثقال"
      },
      "description": {
        "en": "Sturdy belt for weightlifting support",
        "ar": "حزام قوي لدعم رفع الأثقال"
      },
      "price": 29.99,
      "image": "https://m.media-amazon.com/images/I/817Od9xDf2L._AC_UL480_FMwebp_QL65_.jpg",
      "rating": {
        "rate": 4.5,
        "count": 220
      },
      "category": {
        "en": "accessories",
        "ar": "إكسسوارات"
      },
      "isBestSeller": true,
      "isTrending": false
    },
    {
      "id": 30,
      "title": {
        "en": "Sports Headband",
        "ar": "رباط رأس رياضي"
      },
      "description": {
        "en": "Sweat-wicking headband for active workouts",
        "ar": "رباط رأس لامتصاص العرق للتمارين الرياضية النشيطة"
      },
      "price": 6.99,
      "image": "https://m.media-amazon.com/images/I/515io6Tt+WL._AC_UL480_FMwebp_QL65_.jpg",
      "rating": {
        "rate": 4.0,
        "count": 150
      },
      "category": {
        "en": "accessories",
        "ar": "إكسسوارات"
      },
      "isBestSeller": false,
      "isTrending": false
    },
    {
      "id": 31,
      "title": {
        "en": "Gym Shoes",
        "ar": "أحذية صالة رياضية"
      },
      "description": {
        "en": "Comfortable shoes for gym workouts",
        "ar": "أحذية مريحة للتدريبات الرياضية في الجيم"
      },
      "price": 89.99,
      "image": "https://m.media-amazon.com/images/I/51vwq5ervCL._AC_UL480_FMwebp_QL65_.jpg",
      "rating": {
        "rate": 4.7,
        "count": 190
      },
      "category": {
        "en": "sneakers",
        "ar": "أحذية رياضية"
      },
      "isBestSeller": true,
      "isTrending": false
    },
    {
      "id": 32,
      "title": {
        "en": "Hiking Boots",
        "ar": "أحذية للمشي الجبلي"
      },
      "description": {
        "en": "Durable hiking boots for outdoor adventures",
        "ar": "أحذية متينة للمشي الجبلي للمغامرات في الهواء الطلق"
      },
      "price": 120.00,
      "image": "https://m.media-amazon.com/images/I/614xi73jKvL._AC_UL480_FMwebp_QL65_.jpg",
      "rating": {
        "rate": 4.8,
        "count": 180
      },
      "category": {
        "en": "sneakers",
        "ar": "أحذية رياضية"
      },
      "isBestSeller": true,
      "isTrending": false
    },
    {
      "id": 33,
      "title": {
        "en": "Compression Sleeves",
        "ar": "أكمام ضغط"
      },
      "description": {
        "en": "Compression sleeves for muscle support",
        "ar": "أكمام ضغط لدعم العضلات"
      },
      "price": 19.99,
      "image": "https://m.media-amazon.com/images/I/61jy+976QRL._AC_UL480_FMwebp_QL65_.jpg",
      "rating": {
        "rate": 4.3,
        "count": 170
      },
      "category": {
        "en": "accessories",
        "ar": "إكسسوارات"
      },
      "isBestSeller": false,
      "isTrending": false
    },
    {
      "id": 34,
      "title": {
        "en": "Golf Shoes",
        "ar": "أحذية جولف"
      },
      "description": {
        "en": "Professional golf shoes with great grip",
        "ar": "أحذية جولف احترافية مع قبضة رائعة"
      },
      "price": 99.99,
      "image": "https://m.media-amazon.com/images/I/61+bYSpHbYL._AC_UL480_FMwebp_QL65_.jpg",
      "rating": {
        "rate": 4.6,
        "count": 160
      },
      "category": {
        "en": "sneakers",
        "ar": "أحذية رياضية"
      },
      "isBestSeller": true,
      "isTrending": false
    },
    {
      "id": 35,
      "title": {
        "en": "Cycling Gloves",
        "ar": "قفازات دراجة"
      },
      "description": {
        "en": "Comfortable gloves for cycling enthusiasts",
        "ar": "قفازات مريحة لعشاق ركوب الدراجات"
      },
      "price": 15.99,
      "image": "https://m.media-amazon.com/images/I/61KAgj3fAxL._AC_UL480_FMwebp_QL65_.jpg",
      "rating": {
        "rate": 4.2,
        "count": 140
      },
      "category": {
        "en": "accessories",
        "ar": "إكسسوارات"
      },
      "isBestSeller": false,
      "isTrending": false
    },
    {
      "id": 36,
      "title": {
        "en": "Triathlon Suit",
        "ar": "بدلة ترايثلون"
      },
      "description": {
        "en": "High-performance triathlon suit for elite athletes",
        "ar": "بدلة ترايثلون عالية الأداء للرياضيين المتميزين"
      },
      "price": 200.00,
      "image": "https://m.media-amazon.com/images/I/51g80+ZuaFL._AC_UL480_FMwebp_QL65_.jpg",
      "rating": {
        "rate": 4.9,
        "count": 130
      },
      "category": {
        "en": "pants",
        "ar": "بنطلونات"
      },
      "isBestSeller": true,
      "isTrending": false
    },
    {
      "id": 37,
      "title": {
        "en": "Sports Cap",
        "ar": "قبعة رياضية"
      },
      "description": {
        "en": "Lightweight sports cap to keep you cool",
        "ar": "قبعة رياضية خفيفة للحفاظ على برودتك"
      },
      "price": 14.99,
      "image": "https://m.media-amazon.com/images/I/61GzQfBa+lL._AC_UL480_FMwebp_QL65_.jpg",
      "rating": {
        "rate": 4.3,
        "count": 220
      },
      "category": {
        "en": "accessories",
        "ar": "إكسسوارات"
      },
      "isBestSeller": false,
      "isTrending": false
    },
    {
      "id": 38,
      "title": {
        "en": "Sweatpants",
        "ar": "سروال رياضي"
      },
      "description": {
        "en": "Comfortable sweatpants for casual wear",
        "ar": "سروال رياضي مريح للارتداء اليومي"
      },
      "price": 45.99,
      "image": "https://m.media-amazon.com/images/I/51cy1gvE+uL._AC_UL480_FMwebp_QL65_.jpg",
      "rating": {
        "rate": 4.1,
        "count": 160
      },
      "category": {
        "en": "pants",
        "ar": "بنطلونات"
      },
      "isBestSeller": true,
      "isTrending": false
    },
    {
      "id": 39,
      "title": {
        "en": "Fitness Mat",
        "ar": "حصيرة رياضية"
      },
      "description": {
        "en": "High-quality mat for various fitness activities",
        "ar": "حصيرة عالية الجودة للأنشطة الرياضية المتنوعة"
      },
      "price": 29.99,
      "image": "https://m.media-amazon.com/images/I/61VGSjSwqdL._AC_UL480_FMwebp_QL65_.jpg",
      "rating": {
        "rate": 4.4,
        "count": 140
      },
      "category": {
        "en": "accessories",
        "ar": "إكسسوارات"
      },
      "isBestSeller": false,
      "isTrending": false
    },
    
    {
      "id": 41,
      "title": {
        "en": "Basketball Shorts",
        "ar": "شورت كرة سلة"
      },
      "description": {
        "en": "Comfortable shorts for playing basketball",
        "ar": "شورت مريح للعب كرة السلة"
      },
      "price": 24.99,
      "image": "https://m.media-amazon.com/images/I/61jW7AeUihL._AC_UL480_FMwebp_QL65_.jpg",
      "rating": {
        "rate": 4.7,
        "count": 180
      },
      "category": {
        "en": "shorts",
        "ar": "شورتات"
      },
      "isBestSeller": true,
      "isTrending": false
    },
    {
      "id": 42,
      "title": {
        "en": "Soccer Cleats",
        "ar": "أحذية كرة قدم"
      },
      "description": {
        "en": "Lightweight cleats for soccer players",
        "ar": "أحذية كرة قدم خفيفة الوزن للاعبي كرة القدم"
      },
      "price": 80.00,
      "image": "https://m.media-amazon.com/images/I/71uwl4DP3qL._AC_UL480_FMwebp_QL65_.jpg",
      "rating": {
        "rate": 4.9,
        "count": 160
      },
      "category": {
        "en": "sneakers",
        "ar": "أحذية رياضية"
      },
      "isBestSeller": true,
      "isTrending": false
    },
    {
      "id": 43,
      "title": {
        "en": "Running Cap",
        "ar": "قبعة جري"
      },
      "description": {
        "en": "Breathable cap designed for running",
        "ar": "قبعة قابلة للتنفس مصممة للجري"
      },
      "price": 19.99,
      "image": "https://m.media-amazon.com/images/I/51tJamRWoTL._AC_UL480_FMwebp_QL65_.jpg",
      "rating": {
        "rate": 4.3,
        "count": 140
      },
      "category": {
        "en": "accessories",
        "ar": "إكسسوارات"
      },
      "isBestSeller": false,
      "isTrending": false
    },
    {
      "id": 44,
      "title": {
        "en": "Football Gloves",
        "ar": "قفازات كرة قدم"
      },
      "description": {
        "en": "Professional football gloves for better grip",
        "ar": "قفازات كرة قدم احترافية لتحسين القبضة"
      },
      "price": 30.99,
      "image": "https://m.media-amazon.com/images/I/61OMihkPjZL._AC_UL480_FMwebp_QL65_.jpg",
      "rating": {
        "rate": 4.6,
        "count": 130
      },
      "category": {
        "en": "accessories",
        "ar": "إكسسوارات"
      },
      "isBestSeller": true,
      "isTrending": false
    },
    {
      "id": 45,
      "title": {
        "en": "Hockey Stick",
        "ar": "عصا هوكي"
      },
      "description": {
        "en": "Top-quality hockey stick for professional use",
        "ar": "عصا هوكي عالية الجودة للاستخدام الاحترافي"
      },
      "price": 89.99,
      "image": "https://m.media-amazon.com/images/I/71Kzep16MKL._AC_UL480_FMwebp_QL65_.jpg",
      "rating": {
        "rate": 4.7,
        "count": 200
      },
      "category": {
        "en": "accessories",
        "ar": "إكسسوارات"
      },
      "isBestSeller": false,
      "isTrending": false
    },
    {
      "id": 46,
      "title": {
        "en": "Fitness Shorts",
        "ar": "شورت رياضي"
      },
      "description": {
        "en": "Lightweight shorts for gym workouts",
        "ar": "شورتات خفيفة الوزن لتمارين الجيم"
      },
      "price": 23.99,
      "image": "https://m.media-amazon.com/images/I/71bYofYE--L._AC_UL480_FMwebp_QL65_.jpg",
      "rating": {
        "rate": 4.4,
        "count": 160
      },
      "category": {
        "en": "shorts",
        "ar": "شورتات"
      },
      "isBestSeller": true,
      "isTrending": false
    },
    {
      "id": 47,
      "title": {
        "en": "Track Jacket",
        "ar": "سترة رياضية"
      },
      "description": {
        "en": "Stylish track jacket for outdoor activities",
        "ar": "سترة رياضية أنيقة للأنشطة الخارجية"
      },
      "price": 69.99,
      "image": "https://m.media-amazon.com/images/I/61o7zfPCjcL._AC_UL480_FMwebp_QL65_.jpg",
      "rating": {
        "rate": 4.8,
        "count": 190
      },
      "category": {
        "en": "pants",
        "ar": "بنطلونات"
      },
      "isBestSeller": false,
      "isTrending": false
    },
    {
      "id": 48,
      "title": {
        "en": "Bicycle Helmet",
        "ar": "خوذة دراجة"
      },
      "description": {
        "en": "Durable and comfortable helmet for cycling",
        "ar": "خوذة متينة ومريحة لركوب الدراجات"
      },
      "price": 45.00,
      "image": "https://m.media-amazon.com/images/I/51ExMlyTJhL._AC_UL480_FMwebp_QL65_.jpg",
      "rating": {
        "rate": 4.3,
        "count": 150
      },
      "category": {
        "en": "accessories",
        "ar": "إكسسوارات"
      },
      "isBestSeller": false,
      "isTrending": false
    },
    {
      "id": 49,
      "title": {
        "en": "Football Socks",
        "ar": "جوارب كرة قدم"
      },
      "description": {
        "en": "Comfortable socks designed for football players",
        "ar": "جوارب مريحة مصممة للاعبي كرة القدم"
      },
      "price": 8.99,
      "image": "https://m.media-amazon.com/images/I/61-LvbcanfL._AC_UL480_FMwebp_QL65_.jpg",
      "rating": {
        "rate": 4.6,
        "count": 130
      },
      "category": {
        "en": "accessories",
        "ar": "إكسسوارات"
      },
      "isBestSeller": true,
      "isTrending": false
    },
    {
      "id": 50,
      "title": {
        "en": "Running Shoes Pro",
        "ar": "أحذية جري احترافية"
      },
      "description": {
        "en": "Pro-level running shoes for competitive runners",
        "ar": "أحذية جري احترافية للعدائين المتنافسين"
      },
      "price": 130.00,
      "image": "https://m.media-amazon.com/images/I/711+jxHKSHL._AC_UL480_FMwebp_QL65_.jpg",
      "rating": {
        "rate": 4.9,
        "count": 150
      },
      "category": {
        "en": "sneakers",
        "ar": "أحذية رياضية"
      },
      "isBestSeller": true,
      "isTrending": false
    },
    {
      "id": 51,
      "title": {
        "en": "Casual Sneakers",
        "ar": "أحذية كاجوال"
      },
      "description": {
        "en": "Comfortable sneakers for everyday wear",
        "ar": "أحذية رياضية مريحة للارتداء اليومي"
      },
      "price": 65.99,
      "image": "https://m.media-amazon.com/images/I/61fIqWMahuL._AC_UL480_FMwebp_QL65_.jpg",
      "rating": {
        "rate": 4.4,
        "count": 180
      },
      "category": {
        "en": "sneakers",
        "ar": "أحذية رياضية"
      },
      "isBestSeller": false,
      "isTrending": false
    },
    {
      "id": 52,
      "title": {
        "en": "Training Sneakers",
        "ar": "أحذية تدريب"
      },
      "description": {
        "en": "Versatile sneakers for various training activities",
        "ar": "أحذية متعددة الاستخدامات للأنشطة التدريبية المختلفة"
      },
      "price": 85.99,
      "image": "https://m.media-amazon.com/images/I/51sX7BBn5hL._AC_UL480_FMwebp_QL65_.jpg",
      "rating": {
        "rate": 4.6,
        "count": 160
      },
      "category": {
        "en": "sneakers",
        "ar": "أحذية رياضية"
      },
      "isBestSeller": true,
      "isTrending": false
    },
    {
      "id": 53,
      "title": {
        "en": "Skateboarding Shoes",
        "ar": "أحذية التزلج"
      },
      "description": {
        "en": "Durable shoes designed for skateboarding",
        "ar": "أحذية متينة مصممة للتزلج"
      },
      "price": 79.99,
      "image": "https://m.media-amazon.com/images/I/61J1Lm6Um1L._AC_UL480_FMwebp_QL65_.jpg",
      "rating": {
        "rate": 4.7,
        "count": 140
      },
      "category": {
        "en": "sneakers",
        "ar": "أحذية رياضية"
      },
      "isBestSeller": false,
      "isTrending": false
    },
    {
      "id": 54,
      "title": {
        "en": "Trail Running Shoes",
        "ar": "أحذية الجري على الطرق الوعرة"
      },
      "description": {
        "en": "Specialized shoes for trail running",
        "ar": "أحذية متخصصة للجري على الطرق الوعرة"
      },
      "price": 95.99,
      "image": "https://m.media-amazon.com/images/I/71qajppJ8NL._AC_UL480_FMwebp_QL65_.jpg",
      "rating": {
        "rate": 4.8,
        "count": 120
      },
      "category": {
        "en": "sneakers",
        "ar": "أحذية رياضية"
      },
      "isBestSeller": true,
      "isTrending": false
    },
    {
      "id": 55,
      "title": {
        "en": "Walking Shoes",
        "ar": "أحذية للمشي"
      },
      "description": {
        "en": "Comfortable shoes for long walks",
        "ar": "أحذية مريحة للمشي الطويل"
      },
      "price": 59.99,
      "image": "https://m.media-amazon.com/images/I/61hsYw3qGmL._AC_UL480_FMwebp_QL65_.jpg",
      "rating": {
        "rate": 4.5,
        "count": 160
      },
      "category": {
        "en": "sneakers",
        "ar": "أحذية رياضية"
      },
      "isBestSeller": false,
      "isTrending": false
    },
    {
      "id": 56,
      "title": {
        "en": "Basketball T-Shirt",
        "ar": "تيشيرت كرة السلة"
      },
      "description": {
        "en": "Comfortable T-shirt for basketball players",
        "ar": "تيشيرت مريح للاعبي كرة السلة"
      },
      "price": 24.99,
      "image": "https://m.media-amazon.com/images/I/811TOteAtdL._AC_UL480_FMwebp_QL65_.jpg",
      "rating": {
        "rate": 4.3,
        "count": 140
      },
      "category": {
        "en": "t-shirts",
        "ar": "تيشيرتات"
      },
      "isBestSeller": true,
      "isTrending": false
    },
    {
      "id": 57,
      "title": {
        "en": "Running T-Shirt",
        "ar": "تيشيرت جري"
      },
      "description": {
        "en": "Breathable T-shirt for runners",
        "ar": "تيشيرت تنفس للعدائين"
      },
      "price": 22.99,
      "image": "https://m.media-amazon.com/images/I/61NONhf-U+L._AC_UL480_FMwebp_QL65_.jpg",
      "rating": {
        "rate": 4.4,
        "count": 150
      },
      "category": {
        "en": "t-shirts",
        "ar": "تيشيرتات"
      },
      "isBestSeller": false,
      "isTrending": false
    },
    {
      "id": 58,
      "title": {
        "en": "Gym T-Shirt",
        "ar": "تيشيرت جيم"
      },
      "description": {
        "en": "Comfortable T-shirt for gym workouts",
        "ar": "تيشيرت مريح لتمارين الجيم"
      },
      "price": 19.99,
      "image": "https://m.media-amazon.com/images/I/410vSnAd61S._AC_UL480_FMwebp_QL65_.jpg",
      "rating": {
        "rate": 4.2,
        "count": 130
      },
      "category": {
        "en": "t-shirts",
        "ar": "تيشيرتات"
      },
      "isBestSeller": true,
      "isTrending": true
    },
    {
      "id": 59,
      "title": {
        "en": "Training Shorts",
        "ar": "شورت تدريب"
      },
      "description": {
        "en": "Lightweight shorts for various training activities",
        "ar": "شورت خفيف للأنشطة التدريبية المتنوعة"
      },
      "price": 29.99,
      "image": "https://m.media-amazon.com/images/I/91eZVSSC2wL._AC_UL480_FMwebp_QL65_.jpg",
      "rating": {
        "rate": 4.5,
        "count": 140
      },
      "category": {
        "en": "shorts",
        "ar": "شورتات"
      },
      "isBestSeller": false,
      "isTrending": true
    },
    {
      "id": 60,
      "title": {
        "en": "Swim Shorts",
        "ar": "شورت سباحة"
      },
      "description": {
        "en": "Quick-dry shorts for swimming",
        "ar": "شورتات سريعة الجفاف للسباحة"
      },
      "price": 34.99,
      "image": "https://m.media-amazon.com/images/I/61GK+j70uhL._AC_UL480_FMwebp_QL65_.jpg",
      "rating": {
        "rate": 4.6,
        "count": 120
      },
      "category": {
        "en": "shorts",
        "ar": "شورتات"
      },
      "isBestSeller": true,
      "isTrending": true
    },
    {
      "id": 61,
      "title": {
        "en": "Cycling Shorts",
        "ar": "شورت دراجة"
      },
      "description": {
        "en": "Padded shorts for comfortable cycling",
        "ar": "شورت مبطن لراحة ركوب الدراجات"
      },
      "price": 49.99,
      "image": "https://m.media-amazon.com/images/I/81SVWC1oLpL._AC_UL480_FMwebp_QL65_.jpg",
      "rating": {
        "rate": 4.7,
        "count": 110
      },
      "category": {
        "en": "shorts",
        "ar": "شورتات"
      },
      "isBestSeller": false,
      "isTrending": true
    },
    {
      "id": 62,
      "title": {
        "en": "Training Pants",
        "ar": "بنطلون تدريب"
      },
      "description": {
        "en": "Versatile pants for various training activities",
        "ar": "بنطلون متعدد الاستخدامات للأنشطة التدريبية"
      },
      "price": 54.99,
      "image": "https://m.media-amazon.com/images/I/61isaC6YFaL._AC_UL480_FMwebp_QL65_.jpg",
      "rating": {
        "rate": 4.4,
        "count": 130
      },
      "category": {
        "en": "pants",
        "ar": "بنطلونات"
      },
      "isBestSeller": true,
      "isTrending": true
    },
    {
      "id": 63,
      "title": {
        "en": "Yoga Pants",
        "ar": "بنطلون يوجا"
      },
      "description": {
        "en": "Comfortable pants for yoga practice",
        "ar": "بنطلون مريح لتمارين اليوغا"
      },
      "price": 39.99,
      "image": "https://m.media-amazon.com/images/I/41ol99SZa8L._AC_UL480_FMwebp_QL65_.jpg",
      "rating": {
        "rate": 4.6,
        "count": 140
      },
      "category": {
        "en": "pants",
        "ar": "بنطلونات"
      },
      "isBestSeller": false,
      "isTrending": true
    },
    {
      "id": 64,
      "title": {
        "en": "Sports Towel",
        "ar": "منشفة رياضية"
      },
      "description": {
        "en": "Quick-dry towel for sports activities",
        "ar": "منشفة سريعة الجفاف للأنشطة الرياضية"
      },
      "price": 12.99,
      "image": "https://m.media-amazon.com/images/I/71B+8bRW01L._AC_UL480_FMwebp_QL65_.jpg",
      "rating": {
        "rate": 4.3,
        "count": 160
      },
      "category": {
        "en": "accessories",
        "ar": "إكسسوارات"
      },
      "isBestSeller": true,
      "isTrending": true
    },
    {
      "id": 65,
      "title": {
        "en": "Water Bottle",
        "ar": "زجاجة ماء"
      },
      "description": {
        "en": "Durable and lightweight water bottle for sports",
        "ar": "زجاجة ماء متينة وخفيفة للأنشطة الرياضية"
      },
      "price": 19.99,
      "image": "https://m.media-amazon.com/images/I/71B+8bRW01L._AC_UL480_FMwebp_QL65_.jpg",
      "rating": {
        "rate": 4.8,
        "count": 200
      },
      "category": {
        "en": "accessories",
        "ar": "إكسسوارات"
      },
      "isBestSeller": true,
      "isTrending": true
    },
    {
      "id": 66,
      "title": {
        "en": "Fitness Tracker",
        "ar": "معدل اللياقة البدنية"
      },
      "description": {
        "en": "Smart fitness tracker to monitor your progress",
        "ar": "معدل لياقة بدنية ذكي لمتابعة تقدمك"
      },
      "price": 99.99,
      "image": "https://m.media-amazon.com/images/I/61NuEY-o1aL._AC_UL480_FMwebp_QL65_.jpg",
      "rating": {
        "rate": 4.7,
        "count": 250
      },
      "category": {
        "en": "accessories",
        "ar": "إكسسوارات"
      },
      "isBestSeller": false,
      "isTrending": true
    },
    {
      "id": 67,
      "title": {
        "en": "Sport Sunglasses",
        "ar": "نظارات شمسية رياضية"
      },
      "description": {
        "en": "Protective sunglasses for outdoor activities",
        "ar": "نظارات شمسية واقية للأنشطة الخارجية"
      },
      "price": 45.99,
      "image": "https://m.media-amazon.com/images/I/512L120oYeL._AC_UL480_FMwebp_QL65_.jpg",
      "rating": {
        "rate": 4.6,
        "count": 180
      },
      "category": {
        "en": "accessories",
        "ar": "إكسسوارات"
      },
      "isBestSeller": false,
      "isTrending": false
    },
    {
      "id": 68,
      "title": {
        "en": "Sports Watch",
        "ar": "ساعة رياضية"
      },
      "description": {
        "en": "Smart sports watch with fitness tracking features",
        "ar": "ساعة رياضية ذكية مع ميزات تتبع اللياقة البدنية"
      },
      "price": 129.99,
      "image": "https://m.media-amazon.com/images/I/61NUGUspvJL._AC_UL480_FMwebp_QL65_.jpg",
      "rating": {
        "rate": 4.8,
        "count": 220
      },
      "category": {
        "en": "accessories",
        "ar": "إكسسوارات"
      },
      "isBestSeller": true,
      "isTrending": false
    },
    {
      "id": 69,
      "title": {
        "en": "Gym Bag",
        "ar": "حقيبة جيم"
      },
      "description": {
        "en": "Spacious gym bag for all your workout gear",
        "ar": "حقيبة جيم واسعة لجميع معدات التمرين الخاصة بك"
      },
      "price": 39.99,
      "image": "https://m.media-amazon.com/images/I/51Kyl2c8OyL._AC_UL480_FMwebp_QL65_.jpg",
      "rating": {
        "rate": 4.4,
        "count": 150
      },
      "category": {
        "en": "accessories",
        "ar": "إكسسوارات"
      },
      "isBestSeller": false,
      "isTrending": true
    },
    {
      "id": 70,
      "title": {
        "en": "Resistance Bands",
        "ar": "أشرطة مقاومة"
      },
      "description": {
        "en": "Durable resistance bands for strength training",
        "ar": "أشرطة مقاومة متينة لتدريب القوة"
      },
      "price": 19.99,
      "image": "https://m.media-amazon.com/images/I/61NuEY-o1aL._AC_UL480_FMwebp_QL65_.jpg",
      "rating": {
        "rate": 4.7,
        "count": 200
      },
      "category": {
        "en": "accessories",
        "ar": "إكسسوارات"
      },
      "isBestSeller": true,
      "isTrending": false
    }
  ]
}
